City_ID,City,Country,Date,Lat,Lng,Max Temp,Humidity,Cloudiness,Wind Speed,Current Description
0,Saskylakh,RU,2022-09-15 15:17:18,71.9167,114.0833,30.9,94,85,5.7,overcast clouds
1,Rikitea,PF,2022-09-15 15:17:19,-23.1203,-134.9692,70.02,69,0,9.53,clear sky
2,Mataura,NZ,2022-09-15 15:17:19,-46.1927,168.8643,46.47,85,100,7.16,overcast clouds
3,Nueva Guinea,NI,2022-09-15 15:17:20,11.6876,-84.4562,78.1,88,59,6.02,broken clouds
4,Vaini,TO,2022-09-15 15:17:20,-21.2,-175.2,73.56,94,40,4.61,scattered clouds
5,Jalu,LY,2022-09-15 15:17:20,29.0331,21.5482,91.49,21,0,5.79,clear sky
6,Port Hawkesbury,CA,2022-09-15 15:17:21,45.6169,-61.3485,64.18,68,100,16.11,overcast clouds
7,Longyearbyen,SJ,2022-09-15 15:17:21,78.2186,15.6401,33.64,93,75,4.61,broken clouds
8,Mago,RU,2022-09-15 15:17:22,53.2514,140.1822,39.42,82,100,3.89,overcast clouds
9,Zhigansk,RU,2022-09-15 15:17:22,66.7697,123.3711,32.86,79,59,7.58,broken clouds
10,Kodiak,US,2022-09-15 15:17:23,57.79,-152.4072,45.91,93,100,4.61,light rain
11,Thinadhoo,MV,2022-09-15 15:17:23,0.5333,72.9333,81.79,68,17,4.0,few clouds
12,Vostok,RU,2022-09-15 15:17:24,46.4856,135.8833,51.89,82,100,1.57,overcast clouds
13,Nelson Bay,AU,2022-09-15 15:17:24,-32.7167,152.15,58.1,96,100,7.0,light rain
14,Nanortalik,GL,2022-09-15 15:17:25,60.1432,-45.2371,50.32,78,100,10.76,overcast clouds
15,Mount Gambier,AU,2022-09-15 15:17:26,-37.8333,140.7667,47.57,91,100,9.46,overcast clouds
16,Hermanus,ZA,2022-09-15 15:17:26,-34.4187,19.2345,67.8,82,88,3.56,overcast clouds
17,Novopavlovka,RU,2022-09-15 15:17:26,51.2172,109.2091,44.28,90,100,4.65,overcast clouds
18,Mecca,SA,2022-09-15 15:17:27,21.4267,39.8261,96.73,29,42,14.07,scattered clouds
19,Constitucion,CL,2022-09-15 15:17:27,-35.3333,-72.4167,59.81,58,100,4.92,overcast clouds
20,Porto Velho,BR,2022-09-15 15:16:53,-8.7619,-63.9039,82.45,54,65,9.22,broken clouds
21,Pierre,US,2022-09-15 15:16:02,44.3683,-100.351,71.06,69,0,11.5,clear sky
22,Cherskiy,RU,2022-09-15 15:17:28,68.75,161.3,33.28,93,100,8.59,overcast clouds
23,Barrow,US,2022-09-15 15:17:28,71.2906,-156.7887,35.62,93,100,21.85,mist
24,Mahebourg,MU,2022-09-15 15:17:29,-20.4081,57.7,71.89,73,40,13.8,scattered clouds
25,Bathsheba,BB,2022-09-15 15:17:29,13.2167,-59.5167,88.41,70,40,14.97,scattered clouds
26,Bambous Virieux,MU,2022-09-15 15:17:30,-20.3428,57.7575,71.85,73,40,13.8,light rain
27,Umm Lajj,SA,2022-09-15 15:17:30,25.0213,37.2685,85.51,69,2,14.03,clear sky
28,Totskoye,RU,2022-09-15 15:17:31,52.5248,52.7623,59.81,66,82,9.89,broken clouds
29,Butaritari,KI,2022-09-15 15:17:31,3.0707,172.7902,81.45,75,77,13.38,broken clouds
30,Avarua,CK,2022-09-15 15:17:31,-21.2078,-159.775,73.45,64,100,10.36,overcast clouds
31,Verkh-Chebula,RU,2022-09-15 15:17:32,56.0308,87.6218,42.71,72,83,4.32,broken clouds
32,Nagato,JP,2022-09-15 15:17:32,34.3833,131.2,76.46,92,0,4.56,clear sky
33,Norman Wells,CA,2022-09-15 15:17:32,65.282,-126.8329,44.64,87,100,2.3,overcast clouds
34,Olafsvik,IS,2022-09-15 15:17:33,64.8945,-23.7142,47.7,64,53,2.08,broken clouds
35,Faanui,PF,2022-09-15 15:17:33,-16.4833,-151.75,76.82,77,39,22.59,light rain
36,Jamestown,US,2022-09-15 15:17:34,42.097,-79.2353,63.01,57,0,4.61,clear sky
37,Tasiilaq,GL,2022-09-15 15:17:34,65.6145,-37.6368,42.96,77,100,5.14,overcast clouds
38,Sangmelima,CM,2022-09-15 15:17:35,2.9333,11.9833,78.48,81,93,2.42,moderate rain
39,Albany,US,2022-09-15 15:17:33,42.6001,-73.9662,63.18,58,0,1.01,clear sky
40,Saint George,US,2022-09-15 15:16:37,37.1041,-113.5841,70.43,81,40,0.0,scattered clouds
41,Alofi,NU,2022-09-15 15:17:35,-19.0595,-169.9187,71.49,94,89,4.61,overcast clouds
42,Auki,SB,2022-09-15 15:17:36,-8.7676,160.7034,77.59,77,32,5.7,scattered clouds
43,Torzhok,RU,2022-09-15 15:17:36,57.0436,34.9622,57.27,74,23,5.37,few clouds
44,Namibe,AO,2022-09-15 15:17:36,-15.1961,12.1522,69.51,81,41,10.67,scattered clouds
45,Tiksi,RU,2022-09-15 15:17:37,71.6872,128.8694,33.04,80,49,12.35,scattered clouds
46,Tilichiki,RU,2022-09-15 15:17:37,60.4667,166.1,34.27,84,1,7.4,clear sky
47,Nikolskoye,RU,2022-09-15 15:17:38,59.7035,30.7861,58.87,73,78,8.79,broken clouds
48,Okato,NZ,2022-09-15 15:17:38,-39.2,173.8833,50.92,100,92,15.68,overcast clouds
49,Baft,IR,2022-09-15 15:17:38,29.234,56.6057,77.94,14,62,12.03,broken clouds
50,Havre-Saint-Pierre,CA,2022-09-15 15:17:39,50.2334,-63.5986,46.76,93,100,19.57,mist
51,Qaanaaq,GL,2022-09-15 15:17:39,77.484,-69.3632,32.0,65,95,5.7,overcast clouds
52,Pangai,TO,2022-09-15 15:17:39,-19.8,-174.35,77.4,81,76,16.62,broken clouds
53,Arcachon,FR,2022-09-15 15:17:40,44.5875,-1.0519,80.92,65,20,11.5,few clouds
54,Busselton,AU,2022-09-15 15:17:40,-33.65,115.3333,56.89,76,100,9.46,overcast clouds
55,Sechura,PE,2022-09-15 15:17:40,-5.5569,-80.8222,70.59,65,77,8.99,broken clouds
56,Broome,US,2022-09-15 15:17:41,42.2506,-75.833,62.1,62,0,12.66,clear sky
57,Toora-Khem,RU,2022-09-15 15:17:41,52.4675,96.11,43.21,90,100,5.68,light rain
58,Ushuaia,AR,2022-09-15 15:17:42,-54.8,-68.3,44.26,45,20,13.8,few clouds
59,Shubarkuduk,KZ,2022-09-15 15:17:42,49.1447,56.4872,69.71,34,80,10.09,broken clouds
60,Deputatskiy,RU,2022-09-15 15:17:43,69.3,139.9,25.93,97,100,2.01,overcast clouds
61,Punta Arenas,CL,2022-09-15 15:17:43,-53.15,-70.9167,44.71,61,75,27.63,broken clouds
62,Sao Filipe,CV,2022-09-15 15:17:44,14.8961,-24.4956,79.83,83,94,7.56,moderate rain
63,Kalghatgi,IN,2022-09-15 15:17:44,15.1833,74.9667,74.52,97,100,8.21,overcast clouds
64,Geraldton,AU,2022-09-15 15:17:44,-28.7667,114.6,55.81,94,100,2.3,overcast clouds
65,East London,ZA,2022-09-15 15:17:45,-33.0153,27.9116,68.94,83,75,9.22,broken clouds
66,Vila,PT,2022-09-15 15:17:45,42.0304,-8.1588,68.88,73,83,0.74,broken clouds
67,Tocopilla,CL,2022-09-15 15:17:45,-22.092,-70.1979,65.64,58,2,5.41,clear sky
68,Bandarbeyla,SO,2022-09-15 15:17:46,9.4942,50.8122,78.35,82,0,29.77,clear sky
69,Necochea,AR,2022-09-15 15:17:46,-38.5473,-58.7368,66.9,47,53,17.38,broken clouds
70,Yumen,CN,2022-09-15 15:17:46,40.2833,97.2,68.31,18,97,12.8,overcast clouds
71,Maracaibo,VE,2022-09-15 15:17:47,10.6317,-71.6406,87.28,62,89,6.26,overcast clouds
72,Kaniama,CD,2022-09-15 15:17:47,-7.5667,24.1833,81.14,47,97,4.94,overcast clouds
73,Chokurdakh,RU,2022-09-15 15:17:48,70.6333,147.9167,35.02,95,100,4.16,overcast clouds
74,Gangapur,IN,2022-09-15 15:17:48,26.4833,76.7167,78.67,89,100,8.72,overcast clouds
75,Castro,BR,2022-09-15 15:12:58,-24.7911,-50.0119,59.43,84,100,7.92,overcast clouds
76,Guerrero Negro,MX,2022-09-15 15:15:03,27.9769,-114.0611,70.75,75,66,14.07,broken clouds
77,Touros,BR,2022-09-15 15:17:49,-5.1989,-35.4608,83.79,57,31,15.82,scattered clouds
78,Ati,TD,2022-09-15 15:17:49,13.2154,18.3353,94.84,39,96,9.98,overcast clouds
79,Oyama,JP,2022-09-15 15:17:50,36.3,139.8,76.59,66,100,4.72,overcast clouds
80,Olinda,BR,2022-09-15 15:17:50,-8.0089,-34.8553,82.13,65,75,10.36,broken clouds
81,Greenfield,US,2022-09-15 15:15:33,42.9614,-88.0126,71.1,79,40,8.05,haze
82,Kawalu,ID,2022-09-15 15:17:51,-7.3817,108.2082,70.5,97,76,0.81,broken clouds
83,New Norfolk,AU,2022-09-15 15:17:51,-42.7826,147.0587,49.71,71,81,2.3,broken clouds
84,Esperance,AU,2022-09-15 15:17:51,-33.8667,121.9,53.44,77,69,27.49,broken clouds
85,Qasigiannguit,GL,2022-09-15 15:17:52,68.8193,-51.1922,44.85,96,100,1.45,light rain
86,Zhangye,CN,2022-09-15 15:17:52,38.9342,100.4517,71.31,47,100,7.18,overcast clouds
87,Sarangani,PH,2022-09-15 15:17:53,5.4033,125.4636,83.77,73,89,13.44,overcast clouds
88,Beloha,MG,2022-09-15 15:17:53,-25.1667,45.05,73.94,65,3,17.09,clear sky
89,Hobart,AU,2022-09-15 15:17:53,-42.8794,147.3294,50.05,92,97,2.3,overcast clouds
90,Rach Gia,VN,2022-09-15 15:17:54,10.0167,105.0833,82.31,80,100,13.51,light rain
91,Le Port,RE,2022-09-15 15:17:54,-20.9373,55.2919,71.6,72,12,5.44,few clouds
92,Kuching,MY,2022-09-15 15:17:55,1.55,110.3333,75.42,94,40,5.01,scattered clouds
93,Bethel,US,2022-09-15 15:17:55,41.3712,-73.414,67.55,57,0,13.8,clear sky
94,Ustyuzhna,RU,2022-09-15 15:17:55,58.8394,36.4321,54.5,86,100,5.46,overcast clouds
95,Seoul,KR,2022-09-15 15:17:56,37.5683,126.9778,78.37,69,0,9.22,clear sky
96,Aklavik,CA,2022-09-15 15:17:56,68.2191,-135.0107,41.0,93,100,3.44,overcast clouds
97,Houma,US,2022-09-15 15:15:45,29.5958,-90.7195,82.4,76,0,6.91,clear sky
98,Butterworth,MY,2022-09-15 15:17:57,5.3991,100.3638,82.0,84,40,3.44,heavy intensity rain
99,Port Alfred,ZA,2022-09-15 15:17:57,-33.5906,26.891,69.19,84,61,3.0,broken clouds
100,Kapaa,US,2022-09-15 15:14:17,22.0752,-159.319,72.1,88,40,5.75,scattered clouds
101,Victoria,HK,2022-09-15 15:17:58,22.2855,114.1577,89.19,66,10,5.01,clear sky
102,Lima,PE,2022-09-15 15:17:58,-12.0432,-77.0282,61.9,85,100,5.75,overcast clouds
103,Teya,RU,2022-09-15 15:17:59,60.3778,92.6267,40.41,92,52,2.48,broken clouds
104,Pec,XK,2022-09-15 15:17:59,42.6591,20.2883,78.98,49,100,7.78,overcast clouds
105,Zimapan,MX,2022-09-15 15:17:59,20.75,-99.35,59.92,78,99,2.08,overcast clouds
106,Georgetown,MY,2022-09-15 15:15:04,5.4112,100.3354,81.9,82,40,3.44,light rain
107,Ilo,PE,2022-09-15 15:18:00,-17.6394,-71.3375,61.66,77,100,8.05,overcast clouds
108,Da Nang,VN,2022-09-15 15:16:57,16.0678,108.2208,76.98,88,20,4.61,few clouds
109,Horki,BY,2022-09-15 15:18:00,54.2861,30.9842,60.22,68,96,7.7,overcast clouds
110,Cape Town,ZA,2022-09-15 15:13:28,-33.9258,18.4232,68.11,61,0,9.22,clear sky
111,Dikson,RU,2022-09-15 15:18:01,73.5069,80.5464,35.51,97,78,29.33,broken clouds
112,Lagoa,PT,2022-09-15 15:18:02,39.05,-27.9833,73.76,83,100,23.98,overcast clouds
113,Te Anau,NZ,2022-09-15 15:13:48,-45.4167,167.7167,39.72,92,96,1.1,overcast clouds
114,Villa Del Rosario,CO,2022-09-15 15:18:02,7.8339,-72.4742,82.78,54,20,3.44,few clouds
115,Yellowknife,CA,2022-09-15 15:14:03,62.456,-114.3525,50.56,81,75,8.05,broken clouds
116,Sydney,AU,2022-09-15 15:16:55,-33.8679,151.2073,56.71,94,75,13.8,broken clouds
117,Bredasdorp,ZA,2022-09-15 15:18:03,-34.5322,20.0403,66.96,65,79,8.81,broken clouds
118,Podor,MR,2022-09-15 15:18:04,16.6527,-14.9587,99.41,28,6,4.14,clear sky
119,Champerico,GT,2022-09-15 15:18:04,14.3,-91.9167,82.94,87,100,18.03,overcast clouds
120,Keti Bandar,PK,2022-09-15 15:18:05,24.1447,67.4497,81.75,86,100,18.68,overcast clouds
121,Hilo,US,2022-09-15 15:13:31,19.7297,-155.09,78.28,95,100,1.01,overcast clouds
122,Moundou,TD,2022-09-15 15:18:05,8.5667,16.0833,86.16,75,93,1.86,light rain
123,Catia La Mar,VE,2022-09-15 15:18:05,10.6038,-67.0303,94.98,72,20,2.3,few clouds
124,Lavrentiya,RU,2022-09-15 15:18:06,65.5833,-171.0,45.28,89,77,14.54,broken clouds
125,Vardo,NO,2022-09-15 15:18:06,70.3705,31.1107,46.11,88,100,26.49,overcast clouds
126,Hasaki,JP,2022-09-15 15:18:07,35.7333,140.8333,66.6,67,100,5.84,overcast clouds
127,Atuona,PF,2022-09-15 15:18:07,-9.8,-139.0333,76.86,65,60,16.22,broken clouds
128,Gunjur,GM,2022-09-15 15:18:08,13.2019,-16.7339,93.27,55,40,4.61,scattered clouds
129,Santa Lucia,ES,2022-09-15 15:18:08,27.9117,-15.5407,74.52,54,20,27.63,few clouds
130,Shingu,JP,2022-09-15 15:16:44,33.7333,135.9833,75.76,85,99,11.16,overcast clouds
131,Carupano,VE,2022-09-15 15:18:09,10.6678,-63.2585,86.32,66,43,8.19,scattered clouds
132,Mehamn,NO,2022-09-15 15:18:09,71.0357,27.8492,44.55,87,75,18.41,broken clouds
133,Saquena,PE,2022-09-15 15:18:10,-4.6667,-73.5167,89.51,55,100,1.9,overcast clouds
134,Kropotkin,RU,2022-09-15 15:18:10,45.4375,40.5756,71.73,50,100,10.89,overcast clouds
135,Lichuan,CN,2022-09-15 15:18:10,30.3,108.85,62.87,83,93,1.66,overcast clouds
136,Kardailovo,RU,2022-09-15 15:18:11,51.5386,53.9042,65.12,40,99,9.86,overcast clouds
137,Arraial Do Cabo,BR,2022-09-15 15:18:11,-22.9661,-42.0278,69.76,94,100,9.22,light intensity drizzle
138,Sinnamary,GF,2022-09-15 15:18:12,5.3833,-52.95,87.21,61,98,11.03,overcast clouds
139,Morant Bay,JM,2022-09-15 15:18:13,17.8815,-76.4093,90.72,68,97,11.1,overcast clouds
140,Thompson,CA,2022-09-15 15:18:13,55.7435,-97.8558,48.36,93,75,5.75,broken clouds
141,Yarkovo,RU,2022-09-15 15:18:14,57.4028,67.0786,53.73,60,51,5.91,broken clouds
142,Road Town,VG,2022-09-15 15:14:28,18.4167,-64.6167,87.89,84,40,9.22,scattered clouds
143,Acapulco,MX,2022-09-15 15:18:15,16.8634,-99.8901,82.22,74,100,4.61,overcast clouds
144,Dalvik,IS,2022-09-15 15:18:15,65.9702,-18.5286,48.13,55,0,4.12,clear sky
145,Pangnirtung,CA,2022-09-15 15:18:15,66.1451,-65.7125,42.8,87,75,16.11,broken clouds
146,San Patricio,US,2022-09-15 15:18:16,28.017,-97.5169,85.89,69,12,8.12,few clouds
147,Waipawa,NZ,2022-09-15 15:18:16,-41.4122,175.5153,38.48,85,1,3.04,clear sky
148,Vila Franca Do Campo,PT,2022-09-15 15:18:17,37.7167,-25.4333,75.61,82,99,14.41,light rain
149,Airai,TL,2022-09-15 15:18:17,-8.9266,125.4092,58.71,78,50,2.28,scattered clouds
150,Marakkanam,IN,2022-09-15 15:18:18,12.2,79.95,83.82,78,100,12.57,overcast clouds
151,Kruisfontein,ZA,2022-09-15 15:18:18,-34.0033,24.7314,67.89,65,86,10.25,overcast clouds
152,Camacha,PT,2022-09-15 15:18:19,33.0833,-16.3333,74.62,78,20,11.5,few clouds
153,Lubao,PH,2022-09-15 15:18:19,14.9167,120.55,82.11,85,97,4.81,overcast clouds
154,Sambava,MG,2022-09-15 15:18:20,-14.2667,50.1667,72.0,75,99,16.13,light rain
155,Tuktoyaktuk,CA,2022-09-15 15:18:20,69.4541,-133.0374,35.6,93,75,13.8,light rain
156,Barmer,IN,2022-09-15 15:18:20,25.75,71.3833,86.16,60,69,18.45,broken clouds
157,Niquelandia,BR,2022-09-15 15:18:21,-14.4739,-48.4597,101.71,13,0,1.77,clear sky
158,Zharkent,KZ,2022-09-15 15:18:22,44.1628,80.0,60.62,24,0,2.89,clear sky
159,Ballina,AU,2022-09-15 15:18:22,-28.8667,153.5667,65.01,84,100,19.44,light rain
160,Rosarito,MX,2022-09-15 15:18:22,32.3333,-117.0333,69.48,76,7,4.36,clear sky
161,Mersing,MY,2022-09-15 15:18:23,2.4312,103.8405,75.11,94,40,3.44,light rain
162,Srednekolymsk,RU,2022-09-15 15:18:23,67.45,153.6833,33.69,77,80,5.48,broken clouds
163,Mumford,GH,2022-09-15 15:18:24,5.2618,-0.759,78.73,80,84,13.49,broken clouds
164,Gladstone,AU,2022-09-15 15:18:24,-23.85,151.25,64.33,72,40,0.0,scattered clouds
165,Iranshahr,IR,2022-09-15 15:18:25,27.2025,60.6848,102.54,8,0,9.22,clear sky
166,Marsh Harbour,BS,2022-09-15 15:18:25,26.5412,-77.0636,85.44,68,100,12.41,overcast clouds
167,The Pas,CA,2022-09-15 15:18:25,53.8251,-101.2541,50.02,87,0,3.44,clear sky
168,Green River,US,2022-09-15 15:18:26,41.5286,-109.4662,55.18,61,96,10.0,overcast clouds
169,Upernavik,GL,2022-09-15 15:18:26,72.7868,-56.1549,39.99,95,100,11.79,light rain
170,Puerto Ayacucho,VE,2022-09-15 15:18:27,5.6639,-67.6236,86.88,65,31,2.44,scattered clouds
171,Bonthe,SL,2022-09-15 15:18:27,7.5264,-12.505,81.75,74,99,10.85,overcast clouds
172,Talnakh,RU,2022-09-15 15:18:28,69.4865,88.3972,40.21,82,76,25.19,light rain
173,Ponta Do Sol,PT,2022-09-15 15:18:28,32.6667,-17.1,84.83,83,36,7.65,scattered clouds
174,Yuzhno-Sukhokumsk,RU,2022-09-15 15:18:28,44.6581,45.6436,74.79,38,72,1.25,broken clouds
175,Bluff,NZ,2022-09-15 15:18:29,-46.6,168.3333,46.8,62,61,19.17,broken clouds
176,Kahului,US,2022-09-15 15:14:09,20.8947,-156.47,77.85,73,0,5.01,clear sky
177,Hithadhoo,MV,2022-09-15 15:18:30,-0.6,73.0833,82.15,64,4,4.23,clear sky
178,Taltal,CL,2022-09-15 15:18:30,-25.4,-70.4833,60.4,69,11,4.09,few clouds
179,Agadir,MA,2022-09-15 15:18:30,30.4202,-9.5982,82.85,51,0,17.25,clear sky
180,Salalah,OM,2022-09-15 15:18:31,17.0151,54.0924,78.89,94,20,8.05,few clouds
181,Osorno,CL,2022-09-15 15:18:31,-40.5667,-73.15,52.25,93,100,10.36,overcast clouds
182,La Serena,CL,2022-09-15 15:18:32,-29.9078,-71.2542,56.71,82,40,14.97,scattered clouds
183,Bilibino,RU,2022-09-15 15:18:32,68.0546,166.4372,30.61,88,95,5.14,overcast clouds
184,Pavlivka,UA,2022-09-15 15:18:33,49.4414,28.4596,66.34,79,74,11.74,broken clouds
185,Kunya,NG,2022-09-15 15:18:33,12.2233,8.5325,91.56,58,20,5.75,few clouds
186,Provideniya,RU,2022-09-15 15:18:33,64.3833,-173.3,46.0,91,100,12.08,light rain
187,Berezovka,BY,2022-09-15 15:18:34,53.7214,25.4993,59.95,68,100,4.99,overcast clouds
188,Paracuru,BR,2022-09-15 15:18:34,-3.41,-39.0306,79.11,57,22,17.63,few clouds
189,Danilovka,RU,2022-09-15 15:18:34,50.3557,44.1168,61.0,65,63,5.01,broken clouds
190,Verkhnevilyuysk,RU,2022-09-15 15:18:35,63.4453,120.3167,32.58,84,14,3.15,few clouds
191,Atlantic City,US,2022-09-15 15:15:52,39.3643,-74.4229,75.02,56,20,13.8,few clouds
192,Carnarvon,AU,2022-09-15 15:18:35,-24.8667,113.6333,65.35,69,100,23.26,overcast clouds
193,Golyshmanovo,RU,2022-09-15 15:18:36,56.3979,68.3728,51.96,55,9,7.83,clear sky
194,Saravan,AM,2022-09-15 15:18:36,39.7196,45.6483,62.96,26,81,2.26,broken clouds
195,Hualmay,PE,2022-09-15 15:18:36,-11.0964,-77.6139,64.13,71,76,6.58,broken clouds
196,Upata,VE,2022-09-15 15:18:37,8.0086,-62.3989,84.2,60,37,4.74,scattered clouds
197,Lahad Datu,MY,2022-09-15 15:18:37,5.0268,118.327,73.08,91,100,4.05,overcast clouds
198,Puerto Ayora,EC,2022-09-15 15:18:38,-0.7393,-90.3518,69.76,92,98,5.99,overcast clouds
199,Takapau,NZ,2022-09-15 15:18:38,-40.0333,176.35,44.73,92,2,4.45,clear sky
200,Grand-Santi,GF,2022-09-15 15:18:38,4.25,-54.3833,92.59,43,29,4.27,scattered clouds
201,Ellisras,ZA,2022-09-15 15:18:39,-23.6649,27.7443,84.34,16,1,8.03,clear sky
202,Lebu,CL,2022-09-15 15:18:39,-37.6167,-73.65,57.22,76,100,12.44,overcast clouds
203,Cabo San Lucas,MX,2022-09-15 15:18:39,22.8909,-109.9124,87.06,76,0,4.61,clear sky
204,Gizo,SB,2022-09-15 15:18:40,-8.103,156.8419,80.89,78,23,7.14,light rain
205,Srivardhan,IN,2022-09-15 15:18:40,18.0333,73.0167,79.25,87,100,17.13,overcast clouds
206,Saint-Philippe,RE,2022-09-15 15:18:41,-21.3585,55.7679,71.19,81,33,14.05,scattered clouds
207,Pingdingshan,CN,2022-09-15 15:18:41,33.7385,113.3012,72.18,68,0,3.85,clear sky
208,Pavino,RU,2022-09-15 15:18:41,59.1139,46.1414,46.81,97,100,7.45,overcast clouds
209,Torbay,CA,2022-09-15 15:18:11,47.6666,-52.7314,68.29,91,100,18.41,overcast clouds
210,Chuy,UY,2022-09-15 15:18:42,-33.6971,-53.4616,63.01,69,46,8.34,scattered clouds
211,Souillac,MU,2022-09-15 15:18:43,-20.5167,57.5167,71.98,73,40,13.8,light rain
212,Haapiti,PF,2022-09-15 15:18:43,-17.5667,-149.8667,74.93,73,79,22.3,light rain
213,Kyra,RU,2022-09-15 15:18:44,49.5776,111.9753,51.08,86,99,3.31,overcast clouds
214,Tuatapere,NZ,2022-09-15 15:18:44,-46.1333,167.6833,44.76,80,100,10.67,overcast clouds
215,Hambantota,LK,2022-09-15 15:18:44,6.1241,81.1185,80.08,79,52,16.37,broken clouds
216,San Quintin,MX,2022-09-15 15:18:45,30.4833,-115.95,68.2,80,99,12.17,overcast clouds
217,Trincomalee,LK,2022-09-15 15:15:23,8.5711,81.2335,82.9,74,12,8.37,few clouds
218,Ayagoz,KZ,2022-09-15 15:18:45,47.9714,80.4392,46.4,38,11,12.62,few clouds
219,Caravelas,BR,2022-09-15 15:18:46,-17.7125,-39.2481,80.6,61,98,8.21,overcast clouds
220,Katobu,ID,2022-09-15 15:18:46,-4.9408,122.5276,72.39,91,60,2.24,broken clouds
221,Alihe,CN,2022-09-15 15:18:47,50.5667,123.7167,47.28,77,19,2.71,few clouds
222,Mokhsogollokh,RU,2022-09-15 15:18:47,61.4681,128.9203,41.4,89,100,4.99,overcast clouds
223,Mar Del Plata,AR,2022-09-15 15:17:30,-38.0023,-57.5575,64.42,68,0,17.27,clear sky
224,Kumluca,TR,2022-09-15 15:18:48,36.3703,30.2869,83.34,52,0,6.82,clear sky
225,Beohari,IN,2022-09-15 15:18:49,24.05,81.3833,75.22,94,100,8.86,overcast clouds
226,Manggar,ID,2022-09-15 15:18:49,-2.8833,108.2667,81.07,81,53,9.55,broken clouds
227,Shimoda,JP,2022-09-15 15:18:49,34.6667,138.95,70.11,78,100,10.69,overcast clouds
228,Cockburn Town,TC,2022-09-15 15:18:50,21.4612,-71.1419,83.97,68,100,17.45,overcast clouds
229,Santiago,CL,2022-09-15 15:18:43,-33.4569,-70.6483,74.28,31,0,3.44,clear sky
230,Gulabpura,IN,2022-09-15 15:18:51,25.9,74.6667,81.61,76,74,4.03,broken clouds
231,Karratha,AU,2022-09-15 15:18:51,-20.7377,116.8463,73.08,45,0,9.1,clear sky
232,Lucapa,AO,2022-09-15 15:18:51,-8.4192,20.7447,83.75,43,69,8.43,broken clouds
233,Shache,CN,2022-09-15 15:18:52,38.4167,77.2406,80.2,16,100,6.73,overcast clouds
234,Bengkulu,ID,2022-09-15 15:18:52,-3.8004,102.2655,76.37,89,49,4.47,scattered clouds
235,Lovozero,RU,2022-09-15 15:18:53,68.005,35.0117,50.16,86,100,15.19,light rain
236,Roald,NO,2022-09-15 15:18:53,62.5833,6.1333,53.33,93,75,6.91,light intensity drizzle rain
237,Khatanga,RU,2022-09-15 15:18:54,71.9667,102.5,32.07,96,100,6.98,overcast clouds
238,Sao Joao Da Barra,BR,2022-09-15 15:18:54,-21.6403,-41.0511,78.89,75,57,11.83,broken clouds
239,Leh,IN,2022-09-15 15:18:55,34.1667,77.5833,62.17,26,13,5.86,few clouds
240,Sitka,US,2022-09-15 15:18:55,57.0531,-135.33,48.96,90,22,4.47,few clouds
241,Aksu,CN,2022-09-15 15:18:55,41.1231,80.2644,77.07,21,0,7.0,clear sky
242,Avera,US,2022-09-15 15:18:56,33.194,-82.5271,77.56,47,0,10.69,clear sky
243,Pacific Grove,US,2022-09-15 15:15:01,36.6177,-121.9166,58.41,93,100,3.0,fog
244,Guaruja,BR,2022-09-15 15:18:56,-23.9931,-46.2564,66.06,40,100,3.44,mist
245,Eureka,US,2022-09-15 15:18:57,40.8021,-124.1637,56.68,92,69,1.99,broken clouds
246,Ahipara,NZ,2022-09-15 15:18:57,-35.1667,173.1667,50.59,71,41,7.47,scattered clouds
247,Cherbourg,FR,2022-09-15 15:18:57,49.6386,-1.6147,63.41,67,75,8.05,broken clouds
248,Leningradskiy,RU,2022-09-15 15:18:58,69.3833,178.4167,35.55,98,100,4.32,overcast clouds
249,Hamilton,US,2022-09-15 15:18:58,39.1834,-84.5333,77.43,75,20,1.01,few clouds
250,Linkoping,SE,2022-09-15 15:18:58,58.4109,15.6216,57.18,70,75,19.57,light rain
251,Brae,GB,2022-09-15 15:18:59,60.3964,-1.353,50.2,63,98,25.79,overcast clouds
252,Vysokopillya,UA,2022-09-15 15:18:59,47.4919,33.5306,71.6,59,100,17.07,light rain
253,Juntas,CR,2022-09-15 15:19:00,10.2809,-84.9595,82.62,77,93,2.53,overcast clouds
254,Katsuura,JP,2022-09-15 15:19:00,35.1333,140.3,73.81,71,100,8.08,overcast clouds
255,Khash,IR,2022-09-15 15:19:00,28.2211,61.2158,83.03,9,0,14.52,clear sky
256,Codrington,AU,2022-09-15 15:19:01,-38.2667,141.9667,49.26,81,100,11.03,overcast clouds
257,Asau,RO,2022-09-15 15:19:01,46.4333,26.4,74.32,65,99,11.74,overcast clouds
258,Nemuro,JP,2022-09-15 15:19:02,43.3236,145.575,61.81,62,100,3.62,overcast clouds
259,Cayenne,GF,2022-09-15 15:19:02,4.9333,-52.3333,91.44,55,75,8.05,broken clouds
260,Karlstad,SE,2022-09-15 15:19:02,59.3793,13.5036,55.96,54,20,11.5,few clouds
261,Blythe,US,2022-09-15 15:19:03,33.6103,-114.5964,81.03,46,0,6.8,clear sky
262,Cabinda,AO,2022-09-15 15:19:04,-5.55,12.2,75.88,81,100,8.72,overcast clouds
263,Padang,ID,2022-09-15 15:19:04,-0.9492,100.3543,77.74,87,100,4.12,overcast clouds
264,Bijar,IR,2022-09-15 15:19:05,35.8668,47.6051,72.28,13,0,9.44,clear sky
265,Portland,US,2022-09-15 15:19:05,45.5234,-122.6762,62.94,82,100,5.75,overcast clouds
266,Abu Zabad,SD,2022-09-15 15:19:06,12.35,29.25,85.75,57,89,7.72,overcast clouds
267,Belmonte,BR,2022-09-15 15:19:06,-15.8631,-38.8828,81.91,64,37,10.2,scattered clouds
268,Ostrovnoy,RU,2022-09-15 15:19:07,68.0531,39.5131,49.01,84,100,12.33,overcast clouds
269,Severo-Kurilsk,RU,2022-09-15 15:19:07,50.6789,156.125,48.63,86,30,11.99,light rain
270,Tutoia,BR,2022-09-15 15:19:08,-2.7619,-42.2744,85.5,59,22,14.14,few clouds
271,Ucluelet,CA,2022-09-15 15:18:12,48.9329,-125.5528,52.11,92,30,2.55,scattered clouds
272,Ribeira Grande,PT,2022-09-15 15:19:09,38.5167,-28.7,77.4,83,40,20.71,scattered clouds
273,Panzhihua,CN,2022-09-15 15:19:09,26.5851,101.7128,68.68,93,45,1.43,scattered clouds
274,Makakilo City,US,2022-09-15 15:19:10,21.3469,-158.0858,75.52,81,75,3.44,broken clouds
275,Maniitsoq,GL,2022-09-15 15:18:10,65.4167,-52.9,43.14,98,100,9.46,moderate rain
276,Bandundu,CD,2022-09-15 15:19:10,-3.3167,17.3667,91.69,40,98,8.86,overcast clouds
277,Chimore,BO,2022-09-15 15:19:11,-16.9833,-65.1333,59.36,96,100,1.25,overcast clouds
278,Naze,JP,2022-09-15 15:19:11,28.3667,129.4833,81.52,79,29,17.45,scattered clouds
279,Pokhara,NP,2022-09-15 15:19:12,28.2333,83.9833,70.63,83,99,2.01,overcast clouds
280,Prince Rupert,CA,2022-09-15 15:19:12,54.3161,-130.3201,53.69,94,100,12.66,light rain
281,Vao,NC,2022-09-15 15:19:13,-22.6667,167.4833,67.39,60,3,8.97,clear sky
282,Canby,US,2022-09-15 15:19:13,45.2629,-122.6926,62.78,80,100,0.0,overcast clouds
283,Slave Lake,CA,2022-09-15 15:19:14,55.2834,-114.769,46.38,87,0,11.5,clear sky
284,Fort Nelson,CA,2022-09-15 15:19:14,58.8053,-122.7002,40.59,93,20,3.44,few clouds
285,Port Lincoln,AU,2022-09-15 15:15:55,-34.7333,135.8667,54.14,86,71,23.4,broken clouds
286,Cabedelo,BR,2022-09-15 15:19:15,-6.9811,-34.8339,84.87,67,93,11.05,overcast clouds
287,San Cristobal,VE,2022-09-15 15:19:15,7.7669,-72.225,77.18,43,28,7.54,scattered clouds
288,Semey,KZ,2022-09-15 15:19:16,50.4111,80.2275,48.4,43,61,8.57,broken clouds
289,Tessalit,ML,2022-09-15 15:19:16,20.1986,1.0114,105.93,9,90,9.66,overcast clouds
290,Tselinnoye,RU,2022-09-15 15:19:16,53.0833,85.6667,43.41,73,29,4.38,scattered clouds
291,Chateaudun,FR,2022-09-15 15:15:40,48.0833,1.3333,73.54,43,19,5.93,few clouds
292,The Valley,AI,2022-09-15 15:19:17,18.217,-63.0578,87.66,79,40,13.8,scattered clouds
293,Ipixuna,BR,2022-09-15 15:19:18,-1.7625,-48.8043,94.15,43,18,5.59,few clouds
294,Ilhabela,BR,2022-09-15 15:19:18,-23.7781,-45.3581,65.14,93,100,4.18,overcast clouds
295,College,US,2022-09-15 15:19:18,64.8569,-147.8028,46.58,95,100,0.0,light rain
296,Ubinskoye,RU,2022-09-15 15:19:19,55.3068,79.6802,50.0,57,100,3.76,overcast clouds
297,Launceston,AU,2022-09-15 15:19:20,-41.45,147.1667,49.64,90,100,8.05,overcast clouds
298,Nguru,NG,2022-09-15 15:19:20,12.8791,10.4526,97.41,31,22,3.42,few clouds
299,Damphu,BT,2022-09-15 15:19:21,27.0721,90.1096,68.11,98,85,2.13,overcast clouds
300,Sehithwa,BW,2022-09-15 15:19:21,-20.4667,22.7167,88.05,11,0,11.54,clear sky
301,Cap-Chat,CA,2022-09-15 15:19:22,49.1001,-66.6821,50.0,81,100,29.93,moderate rain
302,Poum,NC,2022-09-15 15:19:22,-20.2333,164.0167,72.66,76,93,13.02,overcast clouds
303,Talcahuano,CL,2022-09-15 15:19:22,-36.7167,-73.1167,56.88,77,75,4.61,broken clouds
304,Pevek,RU,2022-09-15 15:19:23,69.7008,170.3133,34.75,89,100,4.94,overcast clouds
305,Samarai,PG,2022-09-15 15:19:23,-10.6167,150.6667,79.74,84,41,12.06,scattered clouds
306,Huarmey,PE,2022-09-15 15:19:24,-10.0681,-78.1522,65.19,72,85,6.49,overcast clouds
307,Ilulissat,GL,2022-09-15 15:19:25,69.2167,-51.1,44.62,93,75,2.3,fog
308,Taoudenni,ML,2022-09-15 15:19:25,22.6783,-3.9836,112.5,4,0,12.06,clear sky
309,Bibiani,GH,2022-09-15 15:19:25,6.4635,-2.3194,80.15,86,75,1.7,moderate rain
310,Ipilan,PH,2022-09-15 15:19:26,8.8431,117.9033,76.44,91,100,7.61,light rain
311,Raymondville,US,2022-09-15 15:19:26,26.4815,-97.7831,86.95,65,20,4.61,few clouds
312,Rio Gallegos,AR,2022-09-15 15:19:27,-51.6226,-69.2181,46.45,81,0,8.05,clear sky
313,Magangue,CO,2022-09-15 15:19:27,9.242,-74.7547,84.2,69,94,2.77,overcast clouds
314,Halifax,CA,2022-09-15 15:14:52,44.6453,-63.5724,68.45,51,40,20.71,scattered clouds
315,Beringovskiy,RU,2022-09-15 15:19:28,63.05,179.3167,43.72,93,100,11.81,light rain
316,Dharchula,IN,2022-09-15 15:19:28,29.85,80.5333,69.78,96,100,1.23,overcast clouds
317,Havelock,US,2022-09-15 15:19:28,34.8791,-76.9013,78.06,71,40,11.5,scattered clouds
318,Kambove,CD,2022-09-15 15:19:29,-10.8764,26.5969,81.72,23,98,3.78,overcast clouds
319,Nisia Floresta,BR,2022-09-15 15:19:29,-6.0911,-35.2086,89.98,55,91,11.95,overcast clouds
320,Mozarlandia,BR,2022-09-15 15:19:30,-14.7447,-50.5706,98.51,22,0,6.53,clear sky
321,Lingyuan,CN,2022-09-15 15:19:30,41.24,119.4011,61.16,93,83,3.91,broken clouds
322,Trairi,BR,2022-09-15 15:14:48,-3.2778,-39.2689,87.15,53,14,17.67,few clouds
323,Atbasar,KZ,2022-09-15 15:19:31,51.8,68.3333,53.96,37,100,8.21,overcast clouds
324,Flin Flon,CA,2022-09-15 15:15:56,54.7682,-101.865,51.64,93,20,2.3,few clouds
325,Edson,CA,2022-09-15 15:19:31,53.5835,-116.4356,46.54,87,0,1.14,clear sky
326,Monrovia,LR,2022-09-15 15:15:54,6.3005,-10.7969,82.17,78,59,10.0,broken clouds
327,Cap-Aux-Meules,CA,2022-09-15 15:19:32,47.3821,-61.8597,59.05,67,100,23.02,overcast clouds
328,Luderitz,NA,2022-09-15 15:19:32,-26.6481,15.1594,66.6,60,7,8.28,clear sky
329,Gusau,NG,2022-09-15 15:19:33,12.1628,6.6614,85.35,65,77,6.04,broken clouds
330,Port Augusta,AU,2022-09-15 15:19:25,-32.5,137.7667,55.63,70,77,12.82,broken clouds
331,Polunochnoye,RU,2022-09-15 15:19:33,60.8697,60.4153,49.21,82,94,4.25,overcast clouds
332,Ovria,GR,2022-09-15 15:19:34,38.1833,21.7167,88.12,53,4,6.42,clear sky
333,Volkhov,RU,2022-09-15 15:19:34,59.9258,32.3382,55.06,86,100,8.25,overcast clouds
334,Kieta,PG,2022-09-15 15:19:34,-6.2167,155.6333,77.38,85,47,0.96,scattered clouds
335,Luanda,AO,2022-09-15 15:19:20,-8.8368,13.2343,77.0,73,20,6.91,few clouds
336,Vondrozo,MG,2022-09-15 15:19:35,-22.8167,47.2833,63.27,80,25,6.55,scattered clouds
337,Bintulu,MY,2022-09-15 15:19:35,3.1667,113.0333,82.81,78,40,3.44,light rain
338,Pisco,PE,2022-09-15 15:19:36,-13.7,-76.2167,60.85,82,100,8.05,mist
339,Fort-Shevchenko,KZ,2022-09-15 15:19:36,44.5086,50.263,66.67,60,67,5.57,broken clouds
340,Port Moresby,PG,2022-09-15 15:19:36,-9.4431,147.1797,77.14,89,37,6.46,scattered clouds
341,Patacamaya,BO,2022-09-15 15:19:37,-17.2333,-67.9167,52.43,31,31,3.87,scattered clouds
342,Okha,RU,2022-09-15 15:19:37,53.5739,142.9478,47.39,68,7,20.02,clear sky
343,Sola,VU,2022-09-15 15:19:38,-13.8833,167.55,79.09,79,20,15.55,few clouds
344,Filadelfia,US,2022-09-15 15:19:11,39.9523,-75.1638,73.02,53,20,17.27,few clouds
345,Falam,MM,2022-09-15 15:19:38,22.9167,93.6833,62.35,99,97,3.58,overcast clouds
346,Bayir,TR,2022-09-15 15:19:39,37.2687,28.2167,79.32,23,0,6.02,clear sky
347,Jinchang,CN,2022-09-15 15:19:39,38.4953,102.1739,68.02,59,100,9.98,overcast clouds
348,Port Elizabeth,ZA,2022-09-15 15:16:00,-33.918,25.5701,70.11,90,75,11.5,broken clouds
349,Blantyre,MW,2022-09-15 15:19:39,-15.785,35.0085,71.76,43,98,6.49,overcast clouds
350,Mitsamiouli,KM,2022-09-15 15:19:40,-11.3847,43.2844,75.74,77,59,3.58,light rain
351,Tevriz,RU,2022-09-15 15:19:40,57.509,72.4042,51.89,66,70,3.71,broken clouds
352,Tual,ID,2022-09-15 15:19:41,-5.6667,132.75,81.5,80,11,14.27,few clouds
353,Mao,ES,2022-09-15 15:19:41,39.8885,4.2658,82.96,57,40,1.14,scattered clouds
354,Thunder Bay,CA,2022-09-15 15:19:41,48.4001,-89.3168,55.38,88,100,5.75,overcast clouds
355,Barcelos,PT,2022-09-15 15:19:42,41.5388,-8.6151,77.92,69,51,5.32,broken clouds
356,Saint-Pierre,RE,2022-09-15 15:19:42,-21.3393,55.4781,71.28,73,0,19.57,clear sky
357,Kuah,MY,2022-09-15 15:19:43,6.3265,99.8432,78.78,94,20,2.3,few clouds
358,Sept-Iles,CA,2022-09-15 15:19:43,50.2001,-66.3821,48.72,83,100,19.57,moderate rain
359,Ambon,ID,2022-09-15 15:19:44,-3.6954,128.1814,80.24,13,40,5.75,scattered clouds
360,Urucara,BR,2022-09-15 15:19:44,-2.5364,-57.76,100.96,26,12,5.44,few clouds
361,Buraydah,SA,2022-09-15 15:16:25,26.326,43.975,102.65,10,0,10.83,clear sky
362,Kondinskoye,RU,2022-09-15 15:19:44,59.6481,67.41,52.97,62,98,7.16,overcast clouds
363,Baghdad,IQ,2022-09-15 15:19:45,33.3406,44.4009,96.71,17,0,16.11,clear sky
364,Senanga,ZM,2022-09-15 15:19:45,-16.1167,23.2667,88.68,13,18,8.77,few clouds
365,Lauchhammer,DE,2022-09-15 15:19:46,51.5,13.8,66.11,53,100,11.95,overcast clouds
366,Gambiran,ID,2022-09-15 15:19:46,-6.7988,111.4951,78.48,75,34,5.03,scattered clouds
367,Kaitangata,NZ,2022-09-15 15:19:46,-46.2817,169.8464,42.03,81,90,11.65,overcast clouds
368,Cairns,AU,2022-09-15 15:19:47,-16.9167,145.7667,75.15,69,100,2.3,overcast clouds
369,Trujillo,PE,2022-09-15 15:19:47,-8.116,-79.03,60.76,82,98,10.36,fog
370,Howard Springs,AU,2022-09-15 15:19:48,-12.497,131.047,80.51,91,73,1.14,broken clouds
371,Segou,ML,2022-09-15 15:19:48,13.4317,-6.2157,93.33,43,73,4.92,broken clouds
372,Lerwick,GB,2022-09-15 15:17:42,60.1545,-1.1494,51.8,65,100,25.9,overcast clouds
373,Dalby,AU,2022-09-15 15:19:48,-27.1833,151.2667,60.98,66,100,5.01,overcast clouds
374,Moree,AU,2022-09-15 15:19:49,-29.4667,149.85,59.02,94,75,18.41,moderate rain
375,Catuday,PH,2022-09-15 15:19:49,16.2923,119.8062,80.85,72,0,6.13,clear sky
376,Khonsa,IN,2022-09-15 15:19:19,27.0167,95.5667,67.84,98,85,2.77,overcast clouds
377,Tabuk,PH,2022-09-15 15:19:50,17.4189,121.4443,75.11,84,8,4.36,clear sky
378,Marsa Matruh,EG,2022-09-15 15:19:50,31.3525,27.2453,79.09,53,0,11.74,clear sky
379,Palmer,US,2022-09-15 15:19:51,42.1584,-72.3287,66.58,53,20,9.22,few clouds
380,Flinders,AU,2022-09-15 15:19:51,-34.5833,150.8552,58.17,85,100,5.99,overcast clouds
381,Nueva Germania,PY,2022-09-15 15:19:51,-23.9,-56.5667,76.6,34,100,4.94,overcast clouds
382,Iqaluit,CA,2022-09-15 15:19:52,63.7506,-68.5145,44.33,81,75,10.36,broken clouds
383,Odweyne,SO,2022-09-15 15:19:52,9.4092,45.064,80.13,47,71,20.78,broken clouds
384,Ulladulla,AU,2022-09-15 15:19:53,-35.35,150.4667,55.76,94,100,4.21,light rain
385,Boende,CD,2022-09-15 15:19:53,-0.2167,20.8667,81.59,67,77,1.79,broken clouds
386,Kandrian,PG,2022-09-15 15:19:53,-6.2167,149.55,76.86,91,99,5.21,light rain
387,Albert,FR,2022-09-15 15:19:54,50.0009,2.651,66.58,68,0,8.05,clear sky
388,Cidreira,BR,2022-09-15 15:19:54,-30.1811,-50.2056,64.33,73,30,8.3,scattered clouds
389,Adrar,MR,2022-09-15 15:19:55,20.5022,-10.0711,103.01,13,10,11.52,clear sky
390,Lethem,GY,2022-09-15 15:19:55,3.3803,-59.7968,92.57,48,7,6.93,clear sky
391,Tarusa,RU,2022-09-15 15:19:55,54.7233,37.1767,56.35,75,66,4.99,broken clouds
392,Ahuimanu,US,2022-09-15 15:19:56,21.4447,-157.8378,76.71,82,0,3.44,clear sky
393,Glenboig,GB,2022-09-15 15:19:56,55.8942,-4.0462,61.43,56,85,5.01,overcast clouds
394,Fairbanks,US,2022-09-15 15:19:54,64.8378,-147.7164,46.6,95,100,0.0,light rain
395,Meadow Lake,US,2022-09-15 15:15:55,34.8014,-106.5436,71.49,48,3,2.53,clear sky
396,Hervey Bay,AU,2022-09-15 15:17:31,-25.2986,152.8535,67.01,72,100,11.01,light rain
397,Kharan,PK,2022-09-15 15:19:57,28.5833,65.4167,90.54,7,0,1.45,clear sky
398,Tynda,RU,2022-09-15 15:19:57,55.1667,124.7167,40.71,70,100,1.28,overcast clouds
399,Los Chiles,CR,2022-09-15 15:19:58,11.0333,-84.7167,79.23,89,78,1.23,broken clouds
400,Narsaq,GL,2022-09-15 15:19:58,60.9167,-46.05,50.22,51,33,0.54,scattered clouds
401,Fortuna,US,2022-09-15 15:19:58,40.5982,-124.1573,55.65,90,29,2.73,scattered clouds
402,Vizinga,RU,2022-09-15 15:19:59,61.0749,50.1031,55.31,71,100,9.01,overcast clouds
403,Ardesen,TR,2022-09-15 15:19:59,41.1911,40.9875,72.55,69,44,3.98,scattered clouds
404,Lewisporte,CA,2022-09-15 15:19:59,49.2499,-55.0482,69.55,54,94,11.81,overcast clouds
405,High Level,CA,2022-09-15 15:15:54,58.5169,-117.136,41.11,100,20,0.0,smoke
406,Vestmannaeyjar,IS,2022-09-15 15:20:00,63.4427,-20.2734,52.79,82,20,6.91,few clouds
407,Coihaique,CL,2022-09-15 15:19:22,-45.5752,-72.0662,41.61,100,100,5.75,overcast clouds
408,Callaguip,PH,2022-09-15 15:20:01,18.0714,120.4867,80.62,94,75,4.61,broken clouds
409,Golden,US,2022-09-15 15:20:01,39.7555,-105.2211,65.77,71,75,4.61,broken clouds
410,Lorengau,PG,2022-09-15 15:20:02,-2.0226,147.2712,81.36,76,52,10.25,broken clouds
411,Jimma,ET,2022-09-15 15:20:02,7.6667,36.8333,64.47,92,97,2.77,moderate rain
412,Lompoc,US,2022-09-15 15:20:03,34.6391,-120.4579,60.94,93,100,5.75,mist
413,Swinoujscie,PL,2022-09-15 15:20:04,53.9105,14.2471,65.17,55,20,11.5,few clouds
414,Berlevag,NO,2022-09-15 15:20:04,70.8578,29.0864,44.6,87,100,24.16,light rain
415,Kaeo,NZ,2022-09-15 15:20:05,-35.1,173.7833,41.32,92,29,4.32,scattered clouds
416,Natal,BR,2022-09-15 15:16:46,-5.795,-35.2094,89.82,45,40,12.66,scattered clouds
417,Porirua,NZ,2022-09-15 15:15:11,-41.1333,174.85,47.32,82,4,4.45,clear sky
418,Marzuq,YE,2022-09-15 15:20:06,14.4,46.4667,89.42,27,47,4.29,scattered clouds
419,Acatlan,MX,2022-09-15 15:20:07,20.15,-98.45,57.07,88,100,3.2,overcast clouds
420,Kemijarvi,FI,2022-09-15 15:20:07,66.7131,27.4306,48.18,96,100,9.04,overcast clouds
421,Yima,CN,2022-09-15 15:20:08,34.7381,111.8839,69.4,57,0,2.28,clear sky
422,Dingle,PH,2022-09-15 15:20:09,10.9995,122.6711,75.76,91,77,6.2,light rain
423,Kariai,GR,2022-09-15 15:20:09,37.3,22.5,73.2,37,0,5.06,clear sky
424,Filingue,NE,2022-09-15 15:20:10,14.3521,3.3168,102.13,25,82,2.3,broken clouds
425,Sulangan,PH,2022-09-15 15:20:10,11.1373,123.7228,83.8,73,89,14.79,overcast clouds
426,Chicama,PE,2022-09-15 15:20:11,-7.8447,-79.1469,59.54,67,97,5.97,overcast clouds
427,Youhao,CN,2022-09-15 15:20:11,47.8667,128.8333,54.81,95,19,1.28,few clouds
428,Barra Patuca,HN,2022-09-15 15:20:12,15.8,-84.2833,82.44,79,100,9.42,overcast clouds
429,Granadilla De Abona,ES,2022-09-15 15:20:12,28.1188,-16.576,71.94,65,13,10.25,few clouds
430,Comodoro Rivadavia,AR,2022-09-15 15:20:13,-45.8667,-67.5,62.46,42,20,17.27,few clouds
431,Alyangula,AU,2022-09-15 15:15:29,-13.8483,136.4192,76.03,89,1,10.42,clear sky
432,Isangel,VU,2022-09-15 15:20:14,-19.55,169.2667,69.91,94,20,4.61,few clouds
433,Temirtau,KZ,2022-09-15 15:20:14,50.0544,72.9483,50.67,39,99,10.33,overcast clouds
434,Noumea,NC,2022-09-15 15:20:14,-22.2763,166.4572,60.78,68,40,5.17,scattered clouds
435,Saint-Joseph,RE,2022-09-15 15:20:15,-21.3667,55.6167,70.18,77,25,14.43,scattered clouds
436,Stralsund,DE,2022-09-15 15:20:15,54.3091,13.0818,64.06,61,37,20.89,scattered clouds
437,Grindavik,IS,2022-09-15 15:20:16,63.8424,-22.4338,52.27,54,0,6.91,clear sky
438,Tavricheskoye,RU,2022-09-15 15:20:16,54.5851,73.6395,53.51,52,35,5.7,scattered clouds
439,Una,IN,2022-09-15 15:20:17,20.8167,71.0333,77.72,93,100,9.22,heavy intensity rain
440,Nantucket,US,2022-09-15 15:16:03,41.2835,-70.0995,68.11,52,0,20.71,clear sky
441,Crowley,US,2022-09-15 15:20:18,30.2141,-92.3746,81.97,73,0,8.37,clear sky
442,Ruteng,ID,2022-09-15 15:20:18,-8.6136,120.4721,61.48,93,99,3.2,overcast clouds
443,Hami,CN,2022-09-15 15:20:19,42.8,93.45,68.61,29,3,17.09,clear sky
444,Mocoa,CO,2022-09-15 15:20:19,1.1493,-76.6466,79.05,78,96,4.16,overcast clouds
445,Mirnyy,RU,2022-09-15 15:20:20,62.5353,113.9611,37.24,93,26,7.0,scattered clouds
446,Takaka,NZ,2022-09-15 15:20:20,-40.85,172.8,46.56,79,1,5.39,clear sky
447,Motygino,RU,2022-09-15 15:20:21,58.1831,94.7592,39.78,77,41,1.03,scattered clouds
448,Morondava,MG,2022-09-15 15:20:21,-20.2833,44.2833,76.3,82,0,12.1,clear sky
449,Tambun,ID,2022-09-15 15:20:22,-6.2641,107.0712,82.49,69,42,0.58,scattered clouds
450,Verkhoyansk,RU,2022-09-15 15:20:23,67.5447,133.385,38.01,66,100,1.16,overcast clouds
451,Bijie,CN,2022-09-15 15:20:23,27.3125,105.2942,62.46,98,100,0.51,overcast clouds
452,Berwick,US,2022-09-15 15:20:24,41.0545,-76.2333,67.71,59,0,9.8,clear sky
453,Sekoma,BW,2022-09-15 15:20:24,-24.4,23.8833,83.03,14,0,7.38,clear sky
454,Sioux Lookout,CA,2022-09-15 15:15:56,50.1001,-91.917,48.27,100,100,5.75,moderate rain
455,Rameswaram,IN,2022-09-15 15:20:25,9.2833,79.3,81.39,80,13,22.68,few clouds
456,Dongying,CN,2022-09-15 15:20:25,37.4564,118.4856,70.93,90,100,17.85,overcast clouds
457,Vila Velha,BR,2022-09-15 15:20:26,-20.3297,-40.2925,80.55,74,75,16.11,broken clouds
458,Manokwari,ID,2022-09-15 15:20:27,-0.8667,134.0833,77.47,82,2,3.18,clear sky
459,Presidencia Roque Saenz Pena,AR,2022-09-15 15:20:27,-26.7852,-60.4388,74.5,28,0,5.12,clear sky
460,Fukue,JP,2022-09-15 15:20:27,32.6881,128.8419,79.81,87,0,4.61,clear sky
461,Alugan,PH,2022-09-15 15:20:28,12.2188,125.4808,79.65,86,100,6.31,overcast clouds
462,Yar-Sale,RU,2022-09-15 15:20:29,66.8333,70.8333,50.76,69,100,8.75,overcast clouds
463,Camargo,MX,2022-09-15 15:20:29,27.6667,-105.1667,73.72,53,0,8.63,clear sky
464,Husavik,IS,2022-09-15 15:20:29,66.0449,-17.3389,46.31,56,0,3.33,clear sky
465,Zarubino,RU,2022-09-15 15:20:30,42.63,131.0922,63.46,78,100,1.45,light rain
466,Pemberton,CA,2022-09-15 15:20:30,50.3164,-122.8027,62.29,95,98,2.95,overcast clouds
467,Puerto Colombia,CO,2022-09-15 15:19:28,10.9878,-74.9547,87.89,72,31,2.48,scattered clouds
468,Muros,ES,2022-09-15 15:20:31,42.7762,-9.0603,78.1,59,47,3.58,scattered clouds
469,Manta,EC,2022-09-15 15:20:07,-0.95,-80.7333,74.62,71,100,5.3,overcast clouds
470,Inzer,RU,2022-09-15 15:20:31,54.2167,57.5556,58.08,40,100,14.09,overcast clouds
471,Rio Grande,BR,2022-09-15 15:20:32,-32.035,-52.0986,73.51,73,4,9.42,clear sky
472,Sao Raimundo Nonato,BR,2022-09-15 15:16:31,-9.0153,-42.6994,97.14,24,13,7.47,few clouds
473,Ayan,RU,2022-09-15 15:20:33,56.45,138.1667,48.6,64,51,16.46,broken clouds
474,Lodwar,KE,2022-09-15 15:20:33,3.1191,35.5973,92.44,27,97,12.88,overcast clouds
475,Kirakira,SB,2022-09-15 15:20:33,-10.4544,161.9205,78.94,80,18,4.18,few clouds
476,Jacareacanga,BR,2022-09-15 15:20:34,-6.2222,-57.7528,102.92,25,36,2.55,scattered clouds
477,Udachnyy,RU,2022-09-15 15:20:34,66.4167,112.4,43.45,70,100,17.18,overcast clouds
478,Port-Gentil,GA,2022-09-15 15:20:35,-0.7193,8.7815,82.36,74,40,19.57,scattered clouds
479,Gigmoto,PH,2022-09-15 15:20:35,13.7796,124.39,80.22,87,89,7.11,overcast clouds
480,Ivanovka,KG,2022-09-15 15:20:17,42.8878,75.085,62.49,23,0,4.16,clear sky
481,Phaltan,IN,2022-09-15 15:20:36,17.9833,74.4333,75.51,76,100,15.48,overcast clouds
482,La Ronge,CA,2022-09-15 15:20:36,55.1001,-105.2842,53.85,66,0,3.44,clear sky
483,Rincon,US,2022-09-15 15:18:36,32.296,-81.2354,81.86,53,20,10.36,few clouds
484,Dudinka,RU,2022-09-15 15:20:37,69.4058,86.1778,40.62,74,42,25.48,scattered clouds
485,Tiznit,MA,2022-09-15 15:20:37,29.5833,-9.5,73.9,56,5,14.74,clear sky
486,Najran,SA,2022-09-15 15:20:23,17.4924,44.1277,93.85,10,4,14.56,clear sky
487,Saint-Augustin,CA,2022-09-15 15:20:38,51.226,-58.6502,57.29,82,93,20.54,overcast clouds
488,Ndele,CF,2022-09-15 15:20:38,8.4109,20.6473,78.98,91,82,2.42,moderate rain
489,Verona,IT,2022-09-15 15:17:43,45.4167,11.0333,86.14,54,20,12.66,few clouds
490,Laurel,US,2022-09-15 15:20:39,39.0993,-76.8483,76.87,71,75,9.22,broken clouds
491,Guanambi,BR,2022-09-15 15:20:39,-14.2233,-42.7814,96.82,13,3,12.55,clear sky
492,Lazaro Cardenas,MX,2022-09-15 15:20:39,17.9583,-102.2,80.76,80,95,3.6,overcast clouds
493,Khorramshahr,IR,2022-09-15 15:20:40,30.4397,48.1664,102.16,9,0,9.22,clear sky
494,Maria Chiquita,PA,2022-09-15 15:20:40,9.4431,-79.7558,83.3,87,98,1.1,overcast clouds
495,Faya,SA,2022-09-15 15:20:41,18.3851,42.4509,77.11,31,30,4.23,scattered clouds
496,Russell,US,2022-09-15 15:20:41,32.3502,-85.1999,80.96,61,0,4.61,clear sky
497,Kosh-Agach,RU,2022-09-15 15:20:41,50.0,88.6667,32.16,80,50,6.04,scattered clouds
498,Linxia,CN,2022-09-15 15:20:42,35.6003,103.2064,63.77,63,70,2.8,light rain
499,Nehe,CN,2022-09-15 15:20:42,48.4833,124.8333,57.0,81,0,6.76,clear sky
500,Inta,RU,2022-09-15 15:20:43,66.0317,60.1659,49.66,87,100,4.5,light rain
501,Severnyy,RU,2022-09-15 15:20:43,50.677,36.5532,62.64,77,0,4.47,clear sky
502,Gwadar,PK,2022-09-15 15:20:44,25.1216,62.3254,80.91,87,4,12.01,clear sky
503,Xam Nua,LA,2022-09-15 15:20:44,20.4197,104.0439,67.91,95,100,2.44,overcast clouds
504,Coahuayana,MX,2022-09-15 15:20:45,18.7333,-103.6833,81.27,82,76,1.1,broken clouds
505,Dunedin,NZ,2022-09-15 15:20:45,-45.8742,170.5036,44.8,73,100,8.99,overcast clouds
506,Bosaso,SO,2022-09-15 15:20:46,11.2842,49.1816,92.66,47,8,3.33,clear sky
507,Hay River,CA,2022-09-15 15:20:46,60.8156,-115.7999,55.38,58,40,9.22,scattered clouds
508,Xining,CN,2022-09-15 15:20:47,36.6167,101.7667,59.94,76,100,4.63,overcast clouds
509,Mwinilunga,ZM,2022-09-15 15:20:47,-11.7358,24.4293,83.57,20,100,7.56,overcast clouds
510,Nome,US,2022-09-15 15:20:47,64.5011,-165.4064,46.47,93,100,13.8,moderate rain
511,Ingham,US,2022-09-15 15:20:36,42.6,-84.3833,68.18,78,0,3.44,clear sky
512,Palm Springs,US,2022-09-15 15:18:51,33.8303,-116.5453,81.03,49,0,5.01,clear sky
513,Solhan,TR,2022-09-15 15:20:48,38.9634,41.0293,73.26,17,3,6.31,clear sky
514,Boa Vista,BR,2022-09-15 15:20:26,2.8197,-60.6733,91.38,49,40,9.22,scattered clouds
515,Tautira,PF,2022-09-15 15:20:49,-17.7333,-149.15,75.11,77,100,23.76,light rain
516,Kudahuvadhoo,MV,2022-09-15 15:20:49,2.6708,72.8944,81.54,70,43,3.31,scattered clouds
517,Sur,OM,2022-09-15 15:20:49,22.5667,59.5289,89.35,57,34,3.89,scattered clouds
518,Santa Fe,AR,2022-09-15 15:20:50,-31.6333,-60.7,73.02,40,0,7.0,light rain
519,Resistencia,AR,2022-09-15 15:20:50,-27.4606,-58.9839,73.09,40,0,8.05,clear sky
520,San Carlos De Bariloche,AR,2022-09-15 15:17:12,-41.1456,-71.3082,56.44,48,40,20.71,moderate rain
521,Quatre Cocos,MU,2022-09-15 15:20:51,-20.2078,57.7625,71.71,77,0,17.78,light rain
522,Kavieng,PG,2022-09-15 15:20:51,-2.5744,150.7967,81.55,74,90,12.08,overcast clouds
523,Varca,IN,2022-09-15 15:20:51,15.2167,73.9167,78.8,89,75,9.22,broken clouds
524,Labrea,BR,2022-09-15 15:20:52,-7.2586,-64.7981,91.63,47,31,4.41,heavy intensity rain
525,Aitape,PG,2022-09-15 15:20:52,-3.1374,142.3475,80.28,84,42,8.32,scattered clouds
526,Pachmarhi,IN,2022-09-15 15:19:16,22.4667,78.4333,68.4,91,100,10.6,overcast clouds
527,Benghazi,LY,2022-09-15 15:20:53,32.1167,20.0667,80.19,57,0,12.71,clear sky
528,Ostuni,IT,2022-09-15 15:20:53,40.7276,17.5764,83.98,53,100,6.02,overcast clouds
529,Walvis Bay,NA,2022-09-15 15:20:54,-22.9575,14.5053,59.09,68,44,17.27,scattered clouds
530,Christchurch,NZ,2022-09-15 15:19:45,-43.5333,172.6333,43.0,77,5,6.91,clear sky
531,Los Llanos De Aridane,ES,2022-09-15 15:20:54,28.6585,-17.9182,75.13,82,20,13.8,few clouds
532,Huntsville,US,2022-09-15 15:17:58,34.7304,-86.5861,77.4,71,0,5.99,clear sky
533,Stonewall,CA,2022-09-15 15:15:56,50.1344,-97.3268,55.17,92,100,11.1,overcast clouds
534,Rodnykove,UA,2022-09-15 15:20:55,45.043,33.9541,73.13,51,83,17.76,broken clouds
535,Rawson,AR,2022-09-15 15:20:55,-43.3002,-65.1023,69.42,28,100,25.99,overcast clouds
536,Maputo,MZ,2022-09-15 15:17:03,-25.9653,32.5892,74.88,77,0,18.41,clear sky
537,Goderich,CA,2022-09-15 15:20:56,43.7501,-81.7165,63.91,51,12,8.05,few clouds
538,Mana,GF,2022-09-15 15:20:56,5.6592,-53.7767,87.82,59,90,11.03,overcast clouds
539,Pamfila,GR,2022-09-15 15:20:57,39.1567,26.5217,80.31,47,0,3.44,clear sky
540,Kayes,ML,2022-09-15 15:20:57,14.0,-11.0,90.32,58,7,5.26,clear sky
541,Mineiros,BR,2022-09-15 15:20:57,-17.5694,-52.5511,86.36,34,77,6.55,broken clouds
542,Talara,PE,2022-09-15 15:20:58,-4.5772,-81.2719,70.56,68,40,16.11,scattered clouds
543,Panama City,PA,2022-09-15 15:20:58,8.9936,-79.5197,83.28,85,75,3.44,broken clouds
544,Tukrah,LY,2022-09-15 15:20:58,32.5341,20.5791,79.41,55,0,10.98,clear sky
545,Svetlyy,RU,2022-09-15 15:20:59,54.675,20.1347,61.97,68,83,18.16,broken clouds
546,Kostroma,RU,2022-09-15 15:19:39,57.7708,40.9344,51.17,95,100,2.95,overcast clouds
547,Bowen,AU,2022-09-15 15:20:59,-20.0167,148.2333,69.4,73,0,8.79,clear sky
548,Luohe,CN,2022-09-15 15:21:00,33.5717,114.0353,70.25,70,4,6.02,clear sky
549,Port Hardy,CA,2022-09-15 15:21:00,50.6996,-127.4199,50.0,100,75,0.0,broken clouds
550,Pitimbu,BR,2022-09-15 15:21:00,-7.4706,-34.8086,84.79,69,94,12.59,overcast clouds
551,Tonj,SS,2022-09-15 15:21:01,7.2737,28.6822,79.72,79,89,4.29,light rain
552,Almaznyy,RU,2022-09-15 15:21:01,48.0448,40.045,62.31,71,100,19.08,overcast clouds
553,Chapais,CA,2022-09-15 15:21:02,49.7834,-74.8492,44.38,49,61,13.24,broken clouds
554,Nabire,ID,2022-09-15 15:21:02,-3.3667,135.4833,74.88,94,20,2.86,few clouds
555,Kampot,KH,2022-09-15 15:21:03,10.6167,104.1833,82.45,85,100,7.49,overcast clouds
556,Mangan,IN,2022-09-15 15:21:03,27.5167,88.5333,75.34,89,94,0.49,overcast clouds
557,Akyab,MM,2022-09-15 15:21:04,20.15,92.9,80.19,83,7,5.23,clear sky
558,Tateyama,JP,2022-09-15 15:21:04,34.9833,139.8667,71.1,70,100,8.34,overcast clouds
559,Ambilobe,MG,2022-09-15 15:21:05,-13.2,49.05,76.15,56,47,6.64,scattered clouds
560,Port Blair,IN,2022-09-15 15:21:05,11.6667,92.75,77.04,94,75,2.3,mist
561,Krasnovishersk,RU,2022-09-15 15:21:06,60.4078,57.082,55.99,65,97,9.33,overcast clouds
562,Arlit,NE,2022-09-15 15:21:07,18.7369,7.3853,105.46,12,13,3.24,few clouds
563,Puksoozero,RU,2022-09-15 15:21:07,62.5903,40.6066,49.62,96,100,4.83,overcast clouds
564,Develi,TR,2022-09-15 15:21:08,38.3906,35.4922,78.15,21,1,1.34,clear sky
565,Tanabe,JP,2022-09-15 15:16:44,33.7333,135.3667,76.91,81,84,9.62,broken clouds
566,Roma,US,2022-09-15 15:21:08,43.2128,-75.4557,60.08,61,0,11.99,clear sky
567,Escanaba,US,2022-09-15 15:21:09,45.7453,-87.0646,64.36,82,100,11.5,overcast clouds
568,Tirodi,IN,2022-09-15 15:21:09,21.6833,79.7,74.41,96,100,7.11,light rain
569,Kyzyl-Suu,KG,2022-09-15 15:21:10,42.3414,78.0056,55.83,54,0,3.69,clear sky
570,Yenangyaung,MM,2022-09-15 15:21:10,20.4667,94.8833,79.57,79,66,8.48,broken clouds
571,Kidal,ML,2022-09-15 15:21:11,18.4411,1.4078,105.89,7,70,4.7,broken clouds
572,Saint-Georges,GD,2022-09-15 15:21:11,12.0564,-61.7485,87.48,74,20,6.91,few clouds
573,Aden,YE,2022-09-15 15:19:58,12.7794,45.0367,89.85,62,65,8.39,broken clouds
574,Kombissiri,BF,2022-09-15 15:21:12,12.0656,-1.3375,91.09,53,98,4.85,overcast clouds
575,Karpathos,GR,2022-09-15 15:21:12,35.507,27.2132,78.76,57,0,17.27,clear sky
576,Saldanha,ZA,2022-09-15 15:21:12,-33.0117,17.9442,66.25,84,100,13.76,overcast clouds
577,Horta,PT,2022-09-15 15:21:13,38.5333,-28.6333,76.64,83,40,20.71,scattered clouds
578,Doha,QA,2022-09-15 15:21:13,25.2867,51.5333,100.71,63,6,12.66,clear sky
579,Katakwi,UG,2022-09-15 15:21:14,1.8911,33.9661,74.59,65,98,2.95,overcast clouds
580,Emba,KZ,2022-09-15 15:21:14,48.8264,58.1442,70.09,25,100,18.57,overcast clouds
581,Aripuana,BR,2022-09-15 15:17:23,-9.1667,-60.6333,91.72,41,15,4.45,few clouds
582,Itarema,BR,2022-09-15 15:21:15,-2.9248,-39.9167,87.33,55,3,19.98,clear sky
583,Pangody,RU,2022-09-15 15:21:15,65.85,74.4859,50.34,76,99,13.6,overcast clouds
584,Half Moon Bay,US,2022-09-15 15:21:16,37.4636,-122.4286,62.91,92,100,10.36,mist
585,Plettenberg Bay,ZA,2022-09-15 15:21:16,-34.0527,23.3716,64.85,69,94,0.67,overcast clouds
586,Berbera,SO,2022-09-15 15:21:17,10.4396,45.0143,92.97,53,12,2.68,few clouds
587,Coquimbo,CL,2022-09-15 15:16:36,-29.9533,-71.3436,56.93,82,40,14.97,scattered clouds
588,Mulchen,CL,2022-09-15 15:21:17,-37.7167,-72.2333,58.86,50,100,4.0,overcast clouds
589,Malumfashi,NG,2022-09-15 15:21:18,11.7853,7.6218,85.62,56,89,1.19,overcast clouds
590,Tyrma,RU,2022-09-15 15:21:18,50.0833,132.1667,45.61,73,11,2.53,few clouds
591,Bahia Blanca,AR,2022-09-15 15:21:19,-38.7196,-62.2724,74.32,22,100,22.7,overcast clouds
592,Ancud,CL,2022-09-15 15:21:19,-41.8697,-73.8203,52.23,95,100,18.59,moderate rain
593,Haines Junction,CA,2022-09-15 15:21:19,60.7522,-137.5108,26.55,93,100,1.14,overcast clouds
594,Labytnangi,RU,2022-09-15 15:21:20,66.6572,66.4183,50.67,68,100,8.03,overcast clouds
595,Milagros,PH,2022-09-15 15:21:20,12.2181,123.5095,81.55,78,79,14.27,light rain
596,Tsabong,BW,2022-09-15 15:21:21,-26.0217,22.401,86.97,14,7,10.16,clear sky
597,Mahibadhoo,MV,2022-09-15 15:21:21,3.7833,72.9667,81.32,73,31,5.12,scattered clouds
598,Shelburne,CA,2022-09-15 15:21:22,44.0787,-80.2041,56.59,69,3,4.88,clear sky
599,Clarence Town,AU,2022-09-15 15:21:22,-32.5833,151.7833,57.97,98,100,4.05,light rain
600,Porto Tolle,IT,2022-09-15 15:21:23,44.9497,12.3245,76.19,74,93,16.26,moderate rain
601,Disna,BY,2022-09-15 15:21:23,55.568,28.1971,57.74,79,100,7.11,overcast clouds
602,Sargatskoye,RU,2022-09-15 15:21:23,55.6101,73.4972,54.37,49,97,3.91,overcast clouds
603,Japura,ID,2022-09-15 15:21:24,-0.3167,102.35,74.86,89,100,2.37,overcast clouds
604,Baykit,RU,2022-09-15 15:21:24,61.67,96.37,38.59,95,19,2.33,few clouds
605,Ossora,RU,2022-09-15 15:21:25,59.2353,163.0719,45.28,69,100,6.33,overcast clouds
606,Vitim,RU,2022-09-15 15:21:25,59.4511,112.5578,37.13,80,19,2.39,few clouds
607,Clyde River,CA,2022-09-15 15:21:25,70.4692,-68.5914,39.43,93,75,0.0,broken clouds
608,Yamada,JP,2022-09-15 15:21:26,39.4667,141.95,63.03,90,96,9.46,overcast clouds
609,Muravlenko,RU,2022-09-15 15:21:26,63.7898,74.523,50.25,72,99,9.35,overcast clouds
610,Inhambane,MZ,2022-09-15 15:21:27,-23.865,35.3833,73.38,73,20,6.91,few clouds
611,Cap Malheureux,MU,2022-09-15 15:21:27,-19.9842,57.6142,71.47,65,0,7.0,clear sky
612,Yenagoa,NG,2022-09-15 15:21:27,4.9247,6.2642,82.81,73,99,8.08,moderate rain
613,Paramonga,PE,2022-09-15 15:21:28,-10.6667,-77.8333,64.54,72,80,7.16,broken clouds
614,Capao Da Canoa,BR,2022-09-15 15:21:28,-29.7456,-50.0097,64.04,75,92,6.78,overcast clouds
615,Luganville,VU,2022-09-15 15:21:29,-15.5333,167.1667,77.36,85,41,7.9,scattered clouds
616,Opuwo,NA,2022-09-15 15:21:29,-18.0607,13.84,92.46,12,57,10.31,broken clouds
617,Bichena,ET,2022-09-15 15:21:29,10.45,38.2,57.72,82,87,2.77,overcast clouds
618,Mount Isa,AU,2022-09-15 15:21:30,-20.7333,139.5,78.57,44,75,4.61,light rain
619,Carndonagh,IE,2022-09-15 15:21:30,55.25,-7.2667,58.62,69,98,12.35,overcast clouds
620,Ormara,PK,2022-09-15 15:21:31,25.2088,64.6357,80.42,90,10,14.45,clear sky
621,Terrace,CA,2022-09-15 15:21:31,54.5163,-128.6035,55.31,76,75,14.97,broken clouds
622,Ngorongoro,TZ,2022-09-15 15:21:31,-3.2397,35.4875,64.13,39,58,7.56,broken clouds
623,Puerto Montt,CL,2022-09-15 15:18:33,-41.4698,-72.9447,52.63,100,100,20.71,light rain
624,Ankang,CN,2022-09-15 15:21:32,32.68,109.0172,69.12,78,97,1.16,overcast clouds
625,Linares,CL,2022-09-15 15:21:32,-35.85,-71.6,61.25,56,100,2.28,overcast clouds
626,Sampit,ID,2022-09-15 15:21:33,-2.5333,112.95,73.54,97,100,2.59,overcast clouds
627,Denpasar,ID,2022-09-15 15:21:33,-8.65,115.2167,78.46,94,40,19.57,scattered clouds
628,Savelugu,GH,2022-09-15 15:21:33,9.6244,-0.8253,85.53,66,93,6.58,light rain
629,Klaksvik,FO,2022-09-15 15:21:34,62.2266,-6.589,49.12,65,99,24.09,overcast clouds
630,Margherita,IN,2022-09-15 15:21:34,27.2833,95.6833,75.34,98,99,2.51,overcast clouds
631,Wajima,JP,2022-09-15 15:21:34,37.4,136.9,72.61,83,100,5.14,overcast clouds
632,Chipinge,ZW,2022-09-15 15:21:35,-20.1883,32.6236,70.68,33,1,8.86,clear sky
633,Ufimskiy,RU,2022-09-15 15:21:35,56.7084,58.0517,59.76,41,100,10.92,overcast clouds
634,Wenatchee,US,2022-09-15 15:18:11,47.4235,-120.3103,63.39,83,20,5.75,haze
635,Ajdabiya,LY,2022-09-15 15:21:36,30.7554,20.2263,81.81,48,0,14.14,clear sky
636,Bahar,IR,2022-09-15 15:21:36,34.9072,48.4414,77.16,10,0,6.91,clear sky
637,Aguada De Pasajeros,CU,2022-09-15 15:21:37,22.385,-80.8508,85.91,66,86,6.85,overcast clouds
638,Jumla,NP,2022-09-15 15:21:37,29.2747,82.1838,58.98,97,100,2.35,overcast clouds
639,Tromso,NO,2022-09-15 15:21:37,69.6496,18.957,49.37,71,100,14.97,light intensity shower rain
640,Mujiayingzi,CN,2022-09-15 15:21:38,42.1167,118.7833,61.27,83,0,2.59,clear sky
641,Bograd,RU,2022-09-15 15:21:39,54.2344,90.8328,44.73,83,100,6.71,overcast clouds
642,Hanna,CA,2022-09-15 15:21:39,51.6334,-111.9018,54.36,54,0,11.12,clear sky
643,Murmansk,RU,2022-09-15 15:21:39,68.0,34.0,50.16,78,100,7.99,overcast clouds
644,Maralal,KE,2022-09-15 15:21:40,1.0968,36.698,69.35,51,94,6.6,overcast clouds
645,Salisbury,GB,2022-09-15 15:18:15,51.0693,-1.7957,66.45,50,75,12.66,broken clouds
646,Namatanai,PG,2022-09-15 15:21:40,-3.6667,152.4333,78.51,83,45,7.2,light rain
647,Misratah,LY,2022-09-15 15:21:41,32.3754,15.0925,84.72,52,0,16.6,clear sky
648,Grasse,FR,2022-09-15 15:21:41,43.6667,6.9167,85.26,29,0,14.97,clear sky
649,Yoichi,JP,2022-09-15 15:21:41,43.2039,140.7703,64.51,62,100,2.82,overcast clouds
650,Vinh Long,VN,2022-09-15 15:21:42,10.25,105.9667,76.98,87,100,5.26,overcast clouds
651,Kamariotissa,GR,2022-09-15 15:21:42,40.4833,25.4667,75.67,65,76,8.46,broken clouds
652,Ferry Pass,US,2022-09-15 15:21:43,30.5102,-87.2125,83.7,65,0,4.61,clear sky
653,Camabatela,AO,2022-09-15 15:21:43,-8.1881,15.375,73.51,65,94,4.38,moderate rain
654,Wanning,CN,2022-09-15 15:21:43,18.8003,110.3967,79.95,85,4,5.5,clear sky
655,Zyryanka,RU,2022-09-15 15:21:44,65.75,150.85,36.59,66,100,8.52,overcast clouds
656,Bongaree,AU,2022-09-15 15:21:44,-27.0797,153.1586,66.15,76,100,13.62,overcast clouds
657,Ewa Beach,US,2022-09-15 15:17:46,21.3156,-158.0072,76.95,81,75,3.44,broken clouds
658,Anahuac,MX,2022-09-15 15:21:45,27.2333,-100.15,80.53,67,0,8.48,clear sky
659,Khasan,RU,2022-09-15 15:21:45,42.4308,130.6434,63.9,82,100,3.0,moderate rain
660,Bartica,GY,2022-09-15 15:18:15,6.4,-58.6167,89.92,51,52,2.73,broken clouds
661,Challapata,BO,2022-09-15 15:21:46,-18.9,-66.7667,50.43,15,0,7.83,clear sky
662,Nouadhibou,MR,2022-09-15 15:21:46,20.931,-17.0347,82.38,57,66,17.27,broken clouds
663,Uige,AO,2022-09-15 15:21:46,-7.6087,15.0613,75.09,73,94,5.93,moderate rain
664,Honiara,SB,2022-09-15 15:21:47,-9.4333,159.95,76.95,88,16,3.85,few clouds
665,La Cruz,MX,2022-09-15 15:21:44,23.9167,-106.9,81.05,83,83,2.19,broken clouds
666,Samfya,ZM,2022-09-15 15:21:47,-11.3649,29.5565,83.53,25,98,3.36,overcast clouds
667,Hopelchen,MX,2022-09-15 15:21:48,19.7667,-89.85,83.86,68,91,5.01,overcast clouds
668,Puerto Guzman,CO,2022-09-15 15:21:48,0.9703,-76.5858,79.21,74,96,3.51,overcast clouds
669,Yining,CN,2022-09-15 15:21:49,29.0361,114.5636,69.84,75,0,1.36,clear sky
670,Yulin,CN,2022-09-15 15:21:49,22.6333,110.15,79.95,72,92,2.3,overcast clouds
671,Moroni,KM,2022-09-15 15:21:49,-11.7022,43.2551,77.0,78,75,2.3,light rain
672,Bairiki,KI,2022-09-15 15:21:50,1.3292,172.9752,80.6,74,20,9.22,few clouds
673,Mikhaylovskaya,RU,2022-09-15 15:21:50,44.9947,40.5964,71.17,50,100,9.8,overcast clouds
674,Wysokie Mazowieckie,PL,2022-09-15 15:21:50,52.9166,22.5171,61.81,57,97,13.06,overcast clouds
675,Markapur,IN,2022-09-15 15:21:51,15.7333,79.2833,86.74,57,100,9.98,overcast clouds
676,Qianjiang,CN,2022-09-15 15:21:51,30.4151,112.8859,74.84,63,13,7.29,few clouds
677,San Jose,US,2022-09-15 15:21:12,37.3394,-121.895,62.92,82,75,3.44,broken clouds
678,Ronne,DK,2022-09-15 15:21:52,55.1009,14.7066,62.51,51,20,24.16,few clouds
679,Marienburg,PL,2022-09-15 15:21:52,54.0359,19.0266,61.88,50,86,16.33,overcast clouds
680,Alta Floresta,BR,2022-09-15 15:21:53,-9.8756,-56.0861,91.22,46,20,6.91,smoke
681,Labuan,MY,2022-09-15 15:21:15,5.2767,115.2417,77.36,94,75,0.0,moderate rain
682,Hobyo,SO,2022-09-15 15:21:53,5.3505,48.5268,77.99,78,85,23.94,overcast clouds
683,Lons-Le-Saunier,FR,2022-09-15 15:21:54,46.75,5.75,67.24,98,93,2.44,moderate rain
684,Ferrandina,IT,2022-09-15 15:21:54,40.5012,16.4547,84.67,32,82,9.46,broken clouds
685,Puerto Escondido,MX,2022-09-15 15:21:26,15.85,-97.0667,81.43,65,75,5.75,broken clouds
686,Berdigestyakh,RU,2022-09-15 15:21:55,62.0989,126.6992,38.35,94,99,4.5,overcast clouds
687,Galbshtadt,RU,2022-09-15 15:21:55,53.2264,78.9845,48.76,48,95,7.67,overcast clouds
688,San Marco In Lamis,IT,2022-09-15 15:21:55,41.7131,15.6399,76.41,51,100,11.43,overcast clouds
689,Kodumudi,IN,2022-09-15 15:21:56,11.0775,77.8836,83.3,57,100,16.44,overcast clouds
690,Karakulino,RU,2022-09-15 15:21:56,56.012,53.7067,58.3,53,99,2.82,overcast clouds
691,Pirai Do Sul,BR,2022-09-15 15:21:56,-24.5261,-49.9486,60.24,83,100,4.43,overcast clouds
692,Solnechnyy,RU,2022-09-15 15:21:57,50.7214,136.6319,46.99,76,19,2.33,few clouds
693,Waingapu,ID,2022-09-15 15:21:57,-9.6567,120.2641,77.76,69,92,4.85,overcast clouds
694,Hanko,FI,2022-09-15 15:21:58,59.8333,22.95,56.05,73,84,9.82,broken clouds
695,Boddam,GB,2022-09-15 15:21:58,57.4667,-1.7833,53.98,67,89,23.89,overcast clouds
